{
  "content": [
    {
      "question": "什么是银行存管？银行存管如何确保用户资金安全？",
      "answers": [
        {
          "title": "",
          "content": "银行存管是快快贷为响应国家监管要求，保证用户资金安全，进行的用户资金银行存管升级安全升级。"
        },
        {
          "title": "系统分账监管",
          "content": "接入存管系统后，平台对用户交易资金和平台自由资金实行分账监管，二者完全独立且互相隔离；平台无法解除用户账户资金。"
        },
        {
          "title": "银行账户存管",
          "content": "绑卡、充值、提现等每一笔与用户资金有关的操作，均需通过江西银行资金存管账户实现，避免资金被平台挪用的风险。"
        },
        {
          "title": "用户授权操作",
          "content": "用户需开通江西银行存管电子账户，并单独设立交易密码，充值、投资等操作时，银行在得到用户授权后，根据交易指令进行资金划转。"
        },
        {
          "title": "银行监管交易流程",
          "content": "江西银行对交易进行管理，并对所有资金流水存档记录，确保接待双方的资金流转和债权关系清晰明确。"
        }
      ]
    }
  ]
}